historique_paiement,Retard (%),Fraude (%),Risque op. (%)
Excellent,10.621761658031089,8.549222797927461,13.21243523316062
Bon,19.410745233968804,6.759098786828423,10.74523396880416
Moyen,35.204081632653065,14.030612244897958,10.714285714285714
Mauvais,66.89655172413794,20.689655172413794,15.862068965517242
