,count,unique,top,freq,mean,std,min,25%,50%,75%,max
entreprise_id,150,150,E0001,1,,,,,,,
secteur_activite,150,10,Minerais & Métaux,21,,,,,,,
ligne_de_credit,150.0,,,,10163501.597933333,5554080.085984843,688559.14,5276812.295,9802354.275,15020784.1425,19774073.04
pct_utilisation_credit,150.0,,,,48.6442,26.588996065511992,5.04,24.5975,48.215,69.4425,94.78
historique_paiement,150,4,Bon,58,,,,,,,
ville,150,2,Fès,78,,,,,,,
nb_transactions_historique,150.0,,,,81.69333333333333,44.09948281768701,1.0,41.25,80.0,125.0,148.0
